model,img_size,top1,top1_err,top5,top5_err,param_count,crop_pct,interpolation
eva_large_patch14_196.in22k_ft_in22k_in1k,196,88.596,11.404,98.662,1.338,304.14,1.0,bicubic
beitv2_large_patch16_224.in1k_ft_in22k_in1k,224,88.406,11.594,98.602,1.398,304.43,0.95,bicubic
vit_large_patch14_clip_224.openai_ft_in12k_in1k,224,88.162,11.838,98.54,1.46,304.2,1.0,bicubic
eva_large_patch14_196.in22k_ft_in1k,196,87.956,12.044,98.48,1.52,304.14,1.0,bicubic
vit_large_patch14_clip_224.laion2b_ft_in12k_in1k,224,87.898,12.102,98.408,1.592,304.2,1.0,bicubic
vit_large_patch14_clip_224.openai_ft_in1k,224,87.86,12.14,98.43,1.57,304.2,1.0,bicubic
beit_large_patch16_224.in22k_ft_in22k_in1k,224,87.488,12.512,98.316,1.684,304.43,0.9,bicubic
caformer_b36.sail_in22k_ft_in1k,224,87.44,12.56,98.332,1.668,98.75,1.0,bicubic
beitv2_large_patch16_224.in1k_ft_in1k,224,87.414,12.586,98.216,1.784,304.43,0.95,bicubic
vit_large_patch14_clip_224.laion2b_ft_in1k,224,87.298,12.702,98.238,1.762,304.2,1.0,bicubic
convnextv2_large.fcmae_ft_in22k_in1k,224,87.264,12.736,98.244,1.756,197.96,0.875,bicubic
deit3_large_patch16_224.fb_in22k_ft_in1k,224,86.986,13.014,98.24,1.76,304.37,1.0,bicubic
convformer_b36.sail_in22k_ft_in1k,224,86.984,13.016,98.158,1.842,99.88,1.0,bicubic
convnext_xlarge.fb_in22k_ft_in1k,224,86.97,13.03,98.204,1.796,350.2,0.875,bicubic
maxvit_rmlp_base_rw_224.sw_in12k_ft_in1k,224,86.908,13.092,98.004,1.996,116.14,0.95,bicubic
convnextv2_base.fcmae_ft_in22k_in1k,224,86.752,13.248,98.02,1.98,88.72,0.875,bicubic
maxxvitv2_rmlp_base_rw_224.sw_in12k_ft_in1k,224,86.638,13.362,98.014,1.986,116.09,0.95,bicubic
convnext_large.fb_in22k_ft_in1k,224,86.612,13.388,98.036,1.964,197.77,0.875,bicubic
caformer_m36.sail_in22k_ft_in1k,224,86.608,13.392,98.038,1.962,56.2,1.0,bicubic
coatnet_2_rw_224.sw_in12k_ft_in1k,224,86.58,13.42,97.896,2.104,73.87,0.95,bicubic
coatnet_rmlp_2_rw_224.sw_in12k_ft_in1k,224,86.54,13.46,97.896,2.104,73.88,0.95,bicubic
beitv2_base_patch16_224.in1k_ft_in22k_in1k,224,86.494,13.506,98.056,1.944,86.53,0.9,bicubic
swin_large_patch4_window7_224.ms_in22k_ft_in1k,224,86.33,13.67,97.882,2.118,196.53,0.9,bicubic
vit_base_patch8_224.augreg2_in21k_ft_in1k,224,86.228,13.772,97.84,2.16,86.58,0.9,bicubic
vit_base_patch16_clip_224.laion2b_ft_in12k_in1k,224,86.21,13.79,97.756,2.244,86.57,0.95,bicubic
hgnetv2_b6.ssld_stage2_ft_in1k,224,86.206,13.794,97.81,2.19,75.26,0.965,bicubic
convformer_m36.sail_in22k_ft_in1k,224,86.152,13.848,97.852,2.148,57.05,1.0,bicubic
volo_d5_224.sail_in1k,224,86.078,13.922,97.578,2.422,295.46,0.96,bicubic
hgnetv2_b6.ssld_stage1_in22k_in1k,224,86.052,13.948,97.806,2.194,75.26,0.965,bicubic
hiera_large_224.mae_in1k_ft_in1k,224,86.044,13.956,97.648,2.352,213.74,0.9,bicubic
vit_base_patch16_clip_224.openai_ft_in12k_in1k,224,85.962,14.038,97.718,2.282,86.57,0.95,bicubic
seresnextaa101d_32x8d.sw_in12k_ft_in1k,224,85.956,14.044,97.824,2.176,93.59,0.875,bicubic
volo_d4_224.sail_in1k,224,85.872,14.128,97.456,2.544,192.96,0.96,bicubic
vit_large_patch16_224.augreg_in21k_ft_in1k,224,85.85,14.15,97.826,2.174,304.33,0.9,bicubic
vit_base_patch8_224.augreg_in21k_ft_in1k,224,85.836,14.164,97.774,2.226,86.58,0.9,bicubic
convnext_base.fb_in22k_ft_in1k,224,85.816,14.184,97.854,2.146,88.59,0.875,bicubic
efficientvit_l3.r224_in1k,224,85.812,14.188,97.21,2.79,246.04,1.0,bicubic
caformer_s36.sail_in22k_ft_in1k,224,85.788,14.212,97.828,2.172,39.3,1.0,bicubic
convnextv2_large.fcmae_ft_in1k,224,85.762,14.238,97.586,2.414,197.96,0.875,bicubic
deit3_base_patch16_224.fb_in22k_ft_in1k,224,85.728,14.272,97.746,2.254,86.59,1.0,bicubic
regnety_160.lion_in12k_ft_in1k,224,85.602,14.398,97.668,2.332,83.59,0.95,bicubic
beitv2_base_patch16_224.in1k_ft_in1k,224,85.596,14.404,97.514,2.486,86.53,0.9,bicubic
regnety_160.sw_in12k_ft_in1k,224,85.594,14.406,97.668,2.332,83.59,0.95,bicubic
nextvit_large.bd_ssld_6m_in1k,224,85.524,14.476,97.676,2.324,57.87,0.95,bicubic
caformer_b36.sail_in1k,224,85.502,14.498,97.316,2.684,98.75,1.0,bicubic
vit_base_patch16_clip_224.laion2b_ft_in1k,224,85.494,14.506,97.572,2.428,86.57,1.0,bicubic
volo_d3_224.sail_in1k,224,85.442,14.558,97.276,2.724,86.33,0.96,bicubic
convformer_s36.sail_in22k_ft_in1k,224,85.424,14.576,97.582,2.418,40.01,1.0,bicubic
xcit_large_24_p8_224.fb_dist_in1k,224,85.402,14.598,97.418,2.582,188.93,1.0,bicubic
vit_base_patch16_clip_224.openai_ft_in1k,224,85.286,14.714,97.44,2.56,86.57,0.9,bicubic
swin_base_patch4_window7_224.ms_in22k_ft_in1k,224,85.27,14.73,97.568,2.432,87.77,0.9,bicubic
mvitv2_large.fb_in1k,224,85.264,14.736,97.188,2.812,217.99,0.9,bicubic
beit_base_patch16_224.in22k_ft_in22k_in1k,224,85.244,14.756,97.652,2.348,86.53,0.9,bicubic
caformer_m36.sail_in1k,224,85.24,14.76,97.206,2.794,56.2,1.0,bicubic
volo_d2_224.sail_in1k,224,85.202,14.798,97.186,2.814,58.68,0.96,bicubic
nextvit_base.bd_ssld_6m_in1k,224,85.182,14.818,97.594,2.406,44.82,0.95,bicubic
convnext_small.in12k_ft_in1k,224,85.164,14.836,97.502,2.498,50.22,0.95,bicubic
hiera_base_plus_224.mae_in1k_ft_in1k,224,85.134,14.866,97.158,2.842,69.9,0.9,bicubic
vit_base_patch16_224.augreg2_in21k_ft_in1k,224,85.11,14.89,97.538,2.462,86.57,0.9,bicubic
tiny_vit_21m_224.dist_in22k_ft_in1k,224,85.088,14.912,97.356,2.644,21.2,0.95,bicubic
xcit_medium_24_p8_224.fb_dist_in1k,224,85.076,14.924,97.274,2.726,84.32,1.0,bicubic
efficientvit_l2.r224_in1k,224,85.044,14.956,97.098,2.902,63.71,1.0,bicubic
regnety_120.sw_in12k_ft_in1k,224,84.986,15.014,97.422,2.578,51.82,0.95,bicubic
coatnet_rmlp_1_rw2_224.sw_in12k_ft_in1k,224,84.94,15.06,96.968,3.032,41.72,0.95,bicubic
xcit_large_24_p16_224.fb_dist_in1k,224,84.936,15.064,97.128,2.872,189.1,1.0,bicubic
maxvit_large_tf_224.in1k,224,84.934,15.066,96.98,3.02,211.79,0.95,bicubic
hgnet_base.ssld_in1k,224,84.912,15.088,97.34,2.66,71.58,0.965,bicubic
convnextv2_base.fcmae_ft_in1k,224,84.888,15.112,97.08,2.92,88.72,0.875,bicubic
xcit_small_24_p8_224.fb_dist_in1k,224,84.876,15.124,97.2,2.8,47.63,1.0,bicubic
maxvit_base_tf_224.in1k,224,84.87,15.13,97.004,2.996,119.47,0.95,bicubic
nextvit_small.bd_ssld_6m_in1k,224,84.856,15.144,97.38,2.62,31.76,0.95,bicubic
convformer_b36.sail_in1k,224,84.83,15.17,96.95,3.05,99.88,1.0,bicubic
hgnetv2_b5.ssld_stage2_ft_in1k,224,84.81,15.19,97.3,2.7,39.57,0.965,bicubic
rdnet_large.nv_in1k,224,84.794,15.206,97.154,2.846,186.27,0.9,bicubic
deit3_large_patch16_224.fb_in1k,224,84.778,15.222,97.046,2.954,304.37,0.9,bicubic
davit_base.msft_in1k,224,84.65,15.35,97.018,2.982,87.95,0.95,bicubic
regnety_320.swag_lc_in1k,224,84.632,15.368,97.484,2.516,145.05,0.965,bicubic
coatnet_rmlp_2_rw_224.sw_in1k,224,84.602,15.398,96.746,3.254,73.88,0.95,bicubic
convnext_small.fb_in22k_ft_in1k,224,84.582,15.418,97.414,2.586,50.22,0.875,bicubic
deit3_medium_patch16_224.fb_in22k_ft_in1k,224,84.566,15.434,97.178,2.822,38.85,1.0,bicubic
caformer_s36.sail_in1k,224,84.544,15.456,97.01,2.99,39.3,1.0,bicubic
vit_base_patch16_224.augreg_in21k_ft_in1k,224,84.532,15.468,97.298,2.702,86.57,0.9,bicubic
hiera_base_224.mae_in1k_ft_in1k,224,84.526,15.474,97.04,2.96,51.52,0.9,bicubic
convformer_m36.sail_in1k,224,84.486,15.514,96.866,3.134,57.05,1.0,bicubic
maxvit_rmlp_small_rw_224.sw_in1k,224,84.484,15.516,96.774,3.226,64.9,0.9,bicubic
hgnetv2_b5.ssld_stage1_in22k_in1k,224,84.456,15.544,97.218,2.782,39.57,0.965,bicubic
maxvit_small_tf_224.in1k,224,84.456,15.544,96.828,3.172,68.93,0.95,bicubic
gcvit_base.in1k,224,84.454,15.546,96.85,3.15,90.32,0.875,bicubic
efficientvit_l1.r224_in1k,224,84.448,15.552,96.856,3.144,52.65,1.0,bicubic
mvitv2_base.fb_in1k,224,84.438,15.562,96.862,3.138,51.47,0.9,bicubic
vit_large_r50_s32_224.augreg_in21k_ft_in1k,224,84.432,15.568,97.152,2.848,328.99,0.9,bicubic
resmlp_big_24_224.fb_in22k_ft_in1k,224,84.388,15.612,97.108,2.892,129.14,0.875,bicubic
xcit_large_24_p8_224.fb_in1k,224,84.386,15.614,96.666,3.334,188.93,1.0,bicubic
rdnet_base.nv_in1k,224,84.368,15.632,96.872,3.128,87.45,0.9,bicubic
convnext_large.fb_in1k,224,84.298,15.702,96.892,3.108,197.77,0.875,bicubic
xcit_medium_24_p16_224.fb_dist_in1k,224,84.288,15.712,96.936,3.064,84.4,1.0,bicubic
resnext101_32x8d.fb_swsl_ig1b_ft_in1k,224,84.282,15.718,97.174,2.826,88.79,0.875,bilinear
vit_base_patch16_224_miil.in21k_ft_in1k,224,84.272,15.728,96.798,3.202,86.54,0.875,bilinear
davit_small.msft_in1k,224,84.266,15.734,96.93,3.07,49.75,0.95,bicubic
xcit_small_12_p8_224.fb_dist_in1k,224,84.25,15.75,96.874,3.126,26.21,1.0,bicubic
convnext_tiny.in12k_ft_in1k,224,84.192,15.808,97.132,2.868,28.59,0.95,bicubic
resnext101_32x16d.fb_wsl_ig1b_ft_in1k,224,84.164,15.836,97.188,2.812,194.03,0.875,bilinear
volo_d1_224.sail_in1k,224,84.152,15.848,96.774,3.226,26.63,0.96,bicubic
inception_next_base.sail_in1k,224,84.098,15.902,96.782,3.218,86.67,0.95,bicubic
caformer_s18.sail_in22k_ft_in1k,224,84.086,15.914,97.188,2.812,26.34,1.0,bicubic
convformer_s36.sail_in1k,224,84.072,15.928,96.756,3.244,40.01,1.0,bicubic
rexnetr_300.sw_in12k_ft_in1k,224,84.036,15.964,97.0,3.0,34.81,0.95,bicubic
swin_s3_base_224.ms_in1k,224,83.92,16.08,96.65,3.35,71.13,0.9,bicubic
gcvit_small.in1k,224,83.908,16.092,96.66,3.34,51.09,0.875,bicubic
convnextv2_tiny.fcmae_ft_in22k_in1k,224,83.904,16.096,96.964,3.036,28.64,0.875,bicubic
tresnet_v2_l.miil_in21k_ft_in1k,224,83.902,16.098,96.496,3.504,46.17,0.875,bilinear
seresnextaa101d_32x8d.ah_in1k,224,83.9,16.1,96.648,3.352,93.59,0.95,bicubic
hiera_small_224.mae_in1k_ft_in1k,224,83.886,16.114,96.68,3.32,35.01,0.9,bicubic
xcit_small_24_p16_224.fb_dist_in1k,224,83.878,16.122,96.734,3.266,47.67,1.0,bicubic
xcit_small_24_p8_224.fb_in1k,224,83.854,16.146,96.636,3.364,47.63,1.0,bicubic
convnext_base.fb_in1k,224,83.834,16.166,96.746,3.254,88.59,0.875,bicubic
focalnet_base_lrf.ms_in1k,224,83.828,16.172,96.614,3.386,88.75,0.9,bicubic
hgnet_small.ssld_in1k,224,83.81,16.19,96.868,3.132,24.36,0.965,bicubic
focalnet_base_srf.ms_in1k,224,83.808,16.192,96.66,3.34,88.15,0.9,bicubic
regnety_160.swag_lc_in1k,224,83.808,16.192,97.284,2.716,83.59,0.965,bicubic
deit3_base_patch16_224.fb_in1k,224,83.794,16.206,96.582,3.418,86.59,0.9,bicubic
swin_s3_small_224.ms_in1k,224,83.778,16.222,96.46,3.54,49.74,0.9,bicubic
pit_b_distilled_224.in1k,224,83.774,16.226,96.468,3.532,74.79,0.9,bicubic
mvitv2_small.fb_in1k,224,83.772,16.228,96.558,3.442,34.87,0.9,bicubic
pvt_v2_b5.in1k,224,83.768,16.232,96.632,3.368,81.96,0.9,bicubic
convformer_s18.sail_in22k_ft_in1k,224,83.762,16.238,97.048,2.952,26.77,1.0,bicubic
repvit_m2_3.dist_450e_in1k,224,83.742,16.258,96.642,3.358,23.69,0.95,bicubic
xcit_medium_24_p8_224.fb_in1k,224,83.742,16.258,96.392,3.608,84.32,1.0,bicubic
pvt_v2_b4.in1k,224,83.712,16.288,96.67,3.33,62.56,0.9,bicubic
seresnext101d_32x8d.ah_in1k,224,83.7,16.3,96.59,3.41,93.59,0.95,bicubic
hgnetv2_b4.ssld_stage2_ft_in1k,224,83.694,16.306,96.788,3.212,19.8,0.965,bicubic
twins_svt_large.in1k,224,83.69,16.31,96.608,3.392,99.27,0.9,bicubic
hrnet_w48_ssld.paddle_in1k,224,83.678,16.322,96.848,3.152,77.47,0.95,bilinear
rdnet_small.nv_in1k,224,83.668,16.332,96.712,3.288,50.44,0.9,bicubic
caformer_s18.sail_in1k,224,83.668,16.332,96.52,3.48,26.34,1.0,bicubic
nextvit_large.bd_in1k,224,83.642,16.358,96.684,3.316,57.87,0.95,bicubic
efficientformerv2_l.snap_dist_in1k,224,83.64,16.36,96.54,3.46,26.32,0.95,bicubic
seresnext101_32x8d.ah_in1k,224,83.618,16.382,96.412,3.588,93.57,0.95,bicubic
coatnet_1_rw_224.sw_in1k,224,83.612,16.388,96.382,3.618,41.72,0.95,bicubic
swin_base_patch4_window7_224.ms_in1k,224,83.61,16.39,96.45,3.55,87.77,0.9,bicubic
coat_lite_medium.in1k,224,83.602,16.398,96.714,3.286,44.57,0.9,bicubic
resmlp_big_24_224.fb_distilled_in1k,224,83.594,16.406,96.654,3.346,129.14,0.875,bicubic
inception_next_small.sail_in1k,224,83.584,16.416,96.598,3.402,49.37,0.875,bicubic
nest_base_jx.goog_in1k,224,83.546,16.454,96.366,3.634,67.72,0.875,bicubic
resnetaa101d.sw_in12k_ft_in1k,224,83.544,16.456,96.828,3.172,44.57,0.95,bicubic
repvit_m2_3.dist_300e_in1k,224,83.524,16.476,96.532,3.468,23.69,0.95,bicubic
maxvit_tiny_rw_224.sw_in1k,224,83.522,16.478,96.488,3.512,29.06,0.95,bicubic
focalnet_small_lrf.ms_in1k,224,83.508,16.492,96.586,3.414,50.34,0.9,bicubic
nextvit_base.bd_in1k,224,83.496,16.504,96.646,3.354,44.82,0.95,bicubic
swinv2_cr_small_ns_224.sw_in1k,224,83.49,16.51,96.486,3.514,49.7,0.9,bicubic
cait_s24_224.fb_dist_in1k,224,83.484,16.516,96.586,3.414,46.92,1.0,bicubic
dm_nfnet_f1.dm_in1k,224,83.444,16.556,96.634,3.366,132.63,0.91,bicubic
efficientvit_b3.r224_in1k,224,83.444,16.556,96.338,3.662,48.65,0.95,bicubic
focalnet_small_srf.ms_in1k,224,83.43,16.57,96.434,3.566,49.89,0.9,bicubic
maxvit_tiny_tf_224.in1k,224,83.422,16.578,96.59,3.41,30.92,0.95,bicubic
sequencer2d_l.in1k,224,83.41,16.59,96.504,3.496,54.3,0.875,bicubic
gcvit_tiny.in1k,224,83.4,16.6,96.392,3.608,28.22,0.875,bicubic
deit_base_distilled_patch16_224.fb_in1k,224,83.388,16.612,96.49,3.51,87.34,0.9,bicubic
efficientformer_l7.snap_dist_in1k,224,83.386,16.614,96.538,3.462,82.23,0.95,bicubic
xcit_small_12_p8_224.fb_in1k,224,83.356,16.644,96.474,3.526,26.21,1.0,bicubic
coatnet_rmlp_1_rw_224.sw_in1k,224,83.354,16.646,96.452,3.548,41.69,0.95,bicubic
xcit_small_12_p16_224.fb_dist_in1k,224,83.354,16.646,96.424,3.576,26.25,1.0,bicubic
resnext101_32x16d.fb_swsl_ig1b_ft_in1k,224,83.346,16.654,96.844,3.156,194.03,0.875,bilinear
swin_small_patch4_window7_224.ms_in22k_ft_in1k,224,83.33,16.67,96.996,3.004,49.61,0.9,bicubic
vit_base_patch32_clip_224.laion2b_ft_in12k_in1k,224,83.306,16.694,96.53,3.47,88.22,0.9,bicubic
tiny_vit_21m_224.in1k,224,83.27,16.73,96.602,3.398,21.2,0.95,bicubic
resnext101_32x4d.fb_swsl_ig1b_ft_in1k,224,83.268,16.732,96.76,3.24,44.18,0.875,bilinear
tiny_vit_11m_224.dist_in22k_ft_in1k,224,83.232,16.768,96.628,3.372,11.0,0.95,bicubic
swin_small_patch4_window7_224.ms_in1k,224,83.228,16.772,96.326,3.674,49.61,0.9,bicubic
regnety_320.tv2_in1k,224,83.174,16.826,96.416,3.584,145.05,0.965,bicubic
twins_pcpvt_large.in1k,224,83.168,16.832,96.61,3.39,60.99,0.9,bicubic
regnety_080.ra3_in1k,224,83.162,16.838,96.478,3.522,39.18,0.95,bicubic
convnext_small.fb_in1k,224,83.144,16.856,96.432,3.568,50.22,0.875,bicubic
swinv2_cr_small_224.sw_in1k,224,83.126,16.874,96.11,3.89,49.7,0.9,bicubic
twins_svt_base.in1k,224,83.124,16.876,96.428,3.572,56.07,0.9,bicubic
nest_small_jx.goog_in1k,224,83.122,16.878,96.334,3.666,38.35,0.875,bicubic
regnetv_064.ra3_in1k,224,83.118,16.882,96.454,3.546,30.58,0.95,bicubic
pvt_v2_b3.in1k,224,83.118,16.882,96.562,3.438,45.24,0.9,bicubic
tresnet_m.miil_in21k_ft_in1k,224,83.09,16.91,96.112,3.888,31.39,0.875,bilinear
deit3_medium_patch16_224.fb_in1k,224,83.086,16.914,96.286,3.714,38.85,0.9,bicubic
deit3_small_patch16_224.fb_in22k_ft_in1k,224,83.082,16.918,96.78,3.22,22.06,1.0,bicubic
regnety_064.ra3_in1k,224,83.006,16.994,96.296,3.704,30.58,0.95,bicubic
regnety_160.deit_in1k,224,82.994,17.006,96.5,3.5,83.59,0.95,bicubic
resnext101_64x4d.tv_in1k,224,82.978,17.022,96.252,3.748,83.46,0.875,bilinear
convformer_s18.sail_in1k,224,82.968,17.032,96.244,3.756,26.77,1.0,bicubic
convnextv2_tiny.fcmae_ft_in1k,224,82.948,17.052,96.286,3.714,28.64,0.875,bicubic
resnetv2_152x2_bit.goog_teacher_in21k_ft_in1k,224,82.916,17.084,96.576,3.424,236.34,0.875,bicubic
hgnetv2_b3.ssld_stage2_ft_in1k,224,82.91,17.09,96.362,3.638,16.29,0.965,bicubic
xcit_large_24_p16_224.fb_in1k,224,82.89,17.11,95.882,4.118,189.1,1.0,bicubic
convnext_tiny.fb_in22k_ft_in1k,224,82.888,17.112,96.628,3.372,28.59,0.875,bicubic
hgnetv2_b4.ssld_stage1_in22k_in1k,224,82.886,17.114,96.632,3.368,19.8,0.965,bicubic
sequencer2d_m.in1k,224,82.838,17.162,96.276,3.724,38.31,0.875,bicubic
resnext101_32x8d.tv2_in1k,224,82.832,17.168,96.232,3.768,88.79,0.965,bilinear
regnetx_320.tv2_in1k,224,82.824,17.176,96.202,3.798,107.81,0.965,bicubic
hiera_tiny_224.mae_in1k_ft_in1k,224,82.824,17.176,96.192,3.808,27.91,0.9,bicubic
resnetv2_50x1_bit.goog_distilled_in1k,224,82.82,17.18,96.526,3.474,25.55,0.875,bicubic
rdnet_tiny.nv_in1k,224,82.82,17.18,96.278,3.722,23.86,0.9,bicubic
resnet152.a1h_in1k,224,82.818,17.182,96.124,3.876,60.19,0.95,bicubic
rexnet_300.nav_in1k,224,82.78,17.22,96.234,3.766,34.71,0.875,bicubic
vit_relpos_base_patch16_clsgap_224.sw_in1k,224,82.762,17.238,96.178,3.822,86.43,0.9,bicubic
twins_pcpvt_base.in1k,224,82.722,17.278,96.348,3.652,43.83,0.9,bicubic
resnext101_32x8d.fb_wsl_ig1b_ft_in1k,224,82.72,17.28,96.624,3.376,88.79,0.875,bilinear
davit_tiny.msft_in1k,224,82.698,17.302,96.284,3.716,28.36,0.95,bicubic
regnety_160.tv2_in1k,224,82.646,17.354,96.23,3.77,83.59,0.965,bicubic
xcit_medium_24_p16_224.fb_in1k,224,82.632,17.368,95.98,4.02,84.4,1.0,bicubic
vit_base_patch32_clip_224.laion2b_ft_in1k,224,82.63,17.37,96.204,3.796,88.22,0.9,bicubic
nextvit_small.bd_in1k,224,82.62,17.38,96.222,3.778,31.76,0.95,bicubic
poolformerv2_m48.sail_in1k,224,82.612,17.388,96.068,3.932,73.35,1.0,bicubic
hgnetv2_b3.ssld_stage1_in22k_in1k,224,82.61,17.39,96.362,3.638,16.29,0.965,bicubic
rexnetr_200.sw_in12k_ft_in1k,224,82.608,17.392,96.392,3.608,16.52,0.95,bicubic
levit_conv_384.fb_dist_in1k,224,82.6,17.4,96.02,3.98,39.13,0.9,bicubic
levit_384.fb_dist_in1k,224,82.598,17.402,96.016,3.984,39.13,0.9,bicubic
regnety_080_tv.tv2_in1k,224,82.592,17.408,96.244,3.756,39.38,0.965,bicubic
xcit_tiny_24_p8_224.fb_dist_in1k,224,82.58,17.42,96.184,3.816,12.11,1.0,bicubic
xcit_small_24_p16_224.fb_in1k,224,82.58,17.42,96.0,4.0,47.67,1.0,bicubic
regnetx_160.tv2_in1k,224,82.576,17.424,96.056,3.944,54.28,0.965,bicubic
vit_relpos_medium_patch16_cls_224.sw_in1k,224,82.572,17.428,96.076,3.924,38.76,0.9,bicubic
efficientformer_l3.snap_dist_in1k,224,82.564,17.436,96.242,3.758,31.41,0.95,bicubic
repvit_m1_5.dist_450e_in1k,224,82.52,17.48,96.11,3.89,14.64,0.95,bicubic
wide_resnet101_2.tv2_in1k,224,82.516,17.484,96.012,3.988,126.89,0.965,bilinear
inception_next_tiny.sail_in1k,224,82.508,17.492,96.0,4.0,28.06,0.875,bicubic
vit_relpos_base_patch16_224.sw_in1k,224,82.476,17.524,96.144,3.856,86.43,0.9,bicubic
vit_relpos_medium_patch16_224.sw_in1k,224,82.466,17.534,96.084,3.916,38.75,0.9,bicubic
poolformer_m48.sail_in1k,224,82.462,17.538,95.968,4.032,73.47,0.95,bicubic
pit_b_224.in1k,224,82.46,17.54,95.708,4.292,73.76,0.9,bicubic
regnetv_040.ra3_in1k,224,82.448,17.552,96.204,3.796,20.64,0.95,bicubic
resnext101_64x4d.c1_in1k,224,82.446,17.554,95.92,4.08,83.46,0.95,bicubic
mvitv2_tiny.fb_in1k,224,82.408,17.592,96.15,3.85,24.17,0.9,bicubic
coatnet_bn_0_rw_224.sw_in1k,224,82.394,17.606,96.194,3.806,27.44,0.95,bicubic
coatnet_0_rw_224.sw_in1k,224,82.394,17.606,95.844,4.156,27.44,0.95,bicubic
repvit_m1_5.dist_300e_in1k,224,82.382,17.618,96.026,3.974,14.64,0.95,bicubic
coat_small.in1k,224,82.376,17.624,96.214,3.786,21.69,0.9,bicubic
sequencer2d_s.in1k,224,82.336,17.664,96.032,3.968,27.65,0.875,bicubic
regnety_040.ra3_in1k,224,82.316,17.684,96.076,3.924,20.65,0.95,bicubic
mixer_b16_224.miil_in21k_ft_in1k,224,82.31,17.69,95.714,4.286,59.88,0.875,bilinear
vit_relpos_medium_patch16_rpn_224.sw_in1k,224,82.308,17.692,95.982,4.018,38.73,0.9,bicubic
convnext_nano.in12k_ft_in1k,224,82.306,17.694,96.338,3.662,15.59,0.95,bicubic
coat_lite_small.in1k,224,82.302,17.698,95.834,4.166,19.84,0.9,bicubic
resnet152.tv2_in1k,224,82.294,17.706,96.0,4.0,60.19,0.965,bilinear
convit_base.fb_in1k,224,82.294,17.706,95.938,4.062,86.54,0.875,bicubic
vit_srelpos_medium_patch16_224.sw_in1k,224,82.25,17.75,95.928,4.072,38.74,0.9,bicubic
convnext_tiny_hnf.a2h_in1k,224,82.23,17.77,95.86,4.14,28.59,0.95,bicubic
vit_base_patch16_rpn_224.sw_in1k,224,82.216,17.784,95.998,4.002,86.54,0.9,bicubic
poolformerv2_m36.sail_in1k,224,82.214,17.786,95.896,4.104,56.08,1.0,bicubic
pvt_v2_b2_li.in1k,224,82.202,17.798,96.11,3.89,22.55,0.9,bicubic
ecaresnet101d.miil_in1k,224,82.186,17.814,96.062,3.938,44.57,0.875,bicubic
focalnet_tiny_lrf.ms_in1k,224,82.174,17.826,95.948,4.052,28.65,0.9,bicubic
efficientvit_b2.r224_in1k,224,82.162,17.838,95.71,4.29,24.33,0.95,bicubic
resnext50_32x4d.fb_swsl_ig1b_ft_in1k,224,82.162,17.838,96.224,3.776,25.03,0.875,bilinear
efficientformerv2_s2.snap_dist_in1k,224,82.15,17.85,95.912,4.088,12.71,0.95,bicubic
focalnet_tiny_srf.ms_in1k,224,82.144,17.856,95.97,4.03,28.43,0.9,bicubic
swin_s3_tiny_224.ms_in1k,224,82.128,17.872,95.958,4.042,28.33,0.9,bicubic
poolformer_m36.sail_in1k,224,82.104,17.896,95.698,4.302,56.17,0.95,bicubic
visformer_small.in1k,224,82.096,17.904,95.876,4.124,40.22,0.9,bicubic
pvt_v2_b2.in1k,224,82.094,17.906,95.956,4.044,25.36,0.9,bicubic
convnext_tiny.fb_in1k,224,82.066,17.934,95.854,4.146,28.59,0.875,bicubic
tresnet_xl.miil_in1k,224,82.064,17.936,95.93,4.07,78.44,0.875,bilinear
coatnet_rmlp_nano_rw_224.sw_in1k,224,82.062,17.938,95.87,4.13,15.15,0.9,bicubic
resnetv2_101.a1h_in1k,224,82.042,17.958,95.866,4.134,44.54,0.95,bicubic
convnextv2_nano.fcmae_ft_in22k_in1k,224,82.038,17.962,96.174,3.826,15.62,0.875,bicubic
coatnext_nano_rw_224.sw_in1k,224,81.998,18.002,95.888,4.112,14.7,0.9,bicubic
resnet152.a1_in1k,224,81.998,18.002,95.294,4.706,60.19,0.95,bicubic
resnext101_32x8d.tv2_in1k,176,81.99,18.01,95.716,4.284,88.79,0.875,bilinear
xcit_small_12_p16_224.fb_in1k,224,81.982,18.018,95.814,4.186,26.25,1.0,bicubic
deit_base_patch16_224.fb_in1k,224,81.98,18.02,95.742,4.258,86.57,0.9,bicubic
gcvit_xtiny.in1k,224,81.968,18.032,95.966,4.034,19.98,0.875,bicubic
resnet101.a1h_in1k,224,81.95,18.05,95.76,4.24,44.55,0.95,bicubic
vit_base_patch32_clip_224.openai_ft_in1k,224,81.946,18.054,95.974,4.026,88.22,0.9,bicubic
regnety_032.ra_in1k,224,81.942,18.058,95.97,4.03,19.44,0.95,bicubic
hgnet_tiny.ssld_in1k,224,81.94,18.06,96.114,3.886,14.74,0.965,bicubic
resnet101.tv2_in1k,224,81.906,18.094,95.768,4.232,44.55,0.965,bilinear
xcit_tiny_24_p8_224.fb_in1k,224,81.89,18.11,95.98,4.02,12.11,1.0,bicubic
resnext101_32x16d.fb_ssl_yfcc100m_ft_in1k,224,81.88,18.12,96.1,3.9,194.03,0.875,bilinear
nfnet_l0.ra2_in1k,224,81.868,18.132,96.036,3.964,35.07,0.9,bicubic
convnextv2_nano.fcmae_ft_in1k,224,81.856,18.144,95.74,4.26,15.62,0.875,bicubic
vit_small_r26_s32_224.augreg_in21k_ft_in1k,224,81.844,18.156,96.024,3.976,36.43,0.9,bicubic
pit_s_distilled_224.in1k,224,81.842,18.158,95.724,4.276,24.04,0.9,bicubic
regnety_032.tv2_in1k,224,81.798,18.202,95.846,4.154,19.44,0.965,bicubic
swinv2_cr_tiny_ns_224.sw_in1k,224,81.796,18.204,95.824,4.176,28.33,0.9,bicubic
vit_base_patch16_224.orig_in21k_ft_in1k,224,81.786,18.214,96.124,3.876,86.57,0.9,bicubic
resnetaa50d.sw_in12k_ft_in1k,224,81.782,18.218,96.036,3.964,25.58,0.95,bicubic
resnet152.a2_in1k,224,81.764,18.236,95.27,4.73,60.19,0.95,bicubic
eca_nfnet_l0.ra2_in1k,224,81.764,18.236,95.998,4.002,24.14,0.9,bicubic
coatnet_nano_rw_224.sw_in1k,224,81.704,18.296,95.65,4.35,15.14,0.9,bicubic
twins_svt_small.in1k,224,81.692,18.308,95.668,4.332,24.06,0.9,bicubic
rexnet_200.nav_in1k,224,81.64,18.36,95.668,4.332,16.37,0.875,bicubic
resnext101_32x8d.fb_ssl_yfcc100m_ft_in1k,224,81.62,18.38,96.036,3.964,88.79,0.875,bilinear
wide_resnet50_2.tv2_in1k,224,81.598,18.402,95.764,4.236,68.88,0.965,bilinear
poolformerv2_s36.sail_in1k,224,81.576,18.424,95.68,4.32,30.79,1.0,bicubic
hgnetv2_b2.ssld_stage2_ft_in1k,224,81.566,18.434,95.898,4.102,11.22,0.965,bicubic
regnetx_080.tv2_in1k,224,81.56,18.44,95.542,4.458,39.57,0.965,bicubic
tiny_vit_11m_224.in1k,224,81.538,18.462,95.87,4.13,11.0,0.95,bicubic
tnt_s_patch16_224,224,81.528,18.472,95.734,4.266,23.76,0.9,bicubic
levit_256.fb_dist_in1k,224,81.506,18.494,95.466,4.534,18.89,0.9,bicubic
levit_conv_256.fb_dist_in1k,224,81.506,18.494,95.488,4.512,18.89,0.9,bicubic
tresnet_l.miil_in1k,224,81.498,18.502,95.652,4.348,55.99,0.875,bilinear
repvit_m3.dist_in1k,224,81.494,18.506,95.562,4.438,10.68,0.95,bicubic
resnet101.a1_in1k,224,81.494,18.506,95.164,4.836,44.55,0.95,bicubic
wide_resnet50_2.racm_in1k,224,81.488,18.512,95.544,4.456,68.88,0.875,bicubic
vit_relpos_small_patch16_224.sw_in1k,224,81.476,18.524,95.824,4.176,21.98,0.9,bicubic
dm_nfnet_f0.dm_in1k,192,81.438,18.562,95.678,4.322,71.49,0.9,bicubic
poolformer_s36.sail_in1k,224,81.432,18.568,95.444,4.556,30.86,0.9,bicubic
nest_tiny_jx.goog_in1k,224,81.428,18.572,95.626,4.374,17.06,0.875,bicubic
hgnet_small.paddle_in1k,224,81.426,18.574,95.846,4.154,24.36,0.965,bicubic
convit_small.fb_in1k,224,81.414,18.586,95.736,4.264,27.78,0.875,bicubic
vit_small_patch16_224.augreg_in21k_ft_in1k,224,81.414,18.586,96.15,3.85,22.05,0.9,bicubic
swin_tiny_patch4_window7_224.ms_in1k,224,81.388,18.612,95.54,4.46,28.29,0.9,bicubic
deit3_small_patch16_224.fb_in1k,224,81.374,18.626,95.454,4.546,22.06,0.9,bicubic
efficientnetv2_rw_t.ra2_in1k,224,81.372,18.628,95.552,4.448,13.65,1.0,bicubic
convmixer_1536_20.in1k,224,81.37,18.63,95.63,4.37,51.63,0.96,bicubic
resnet101.a2_in1k,224,81.344,18.656,95.198,4.802,44.55,0.95,bicubic
legacy_senet154.in1k,224,81.326,18.674,95.496,4.504,115.09,0.875,bilinear
coat_mini.in1k,224,81.304,18.696,95.388,4.612,10.34,0.9,bicubic
repvit_m1_1.dist_450e_in1k,224,81.302,18.698,95.572,4.428,8.8,0.95,bicubic
ecaresnet50t.a1_in1k,224,81.284,18.716,95.15,4.85,25.57,0.95,bicubic
seresnext50_32x4d.racm_in1k,224,81.268,18.732,95.626,4.374,27.56,0.875,bicubic
gc_efficientnetv2_rw_t.agc_in1k,224,81.268,18.732,95.574,4.426,13.68,1.0,bicubic
senet154.gluon_in1k,224,81.258,18.742,95.358,4.642,115.09,0.875,bicubic
res2net101d.in1k,224,81.254,18.746,95.348,4.652,45.23,0.875,bilinear
deit_small_distilled_patch16_224.fb_in1k,224,81.216,18.784,95.38,4.62,22.44,0.9,bicubic
xcit_tiny_12_p8_224.fb_dist_in1k,224,81.212,18.788,95.616,4.384,6.71,1.0,bicubic
resnext50_32x4d.tv2_in1k,224,81.176,18.824,95.348,4.652,25.03,0.965,bilinear
resmlp_36_224.fb_distilled_in1k,224,81.15,18.85,95.508,4.492,44.69,0.875,bicubic
resnet50.fb_swsl_ig1b_ft_in1k,224,81.146,18.854,95.98,4.02,25.56,0.875,bilinear
resnest50d_4s2x40d.in1k,224,81.146,18.854,95.566,4.434,30.42,0.875,bicubic
resnext50_32x4d.a1h_in1k,224,81.14,18.86,95.32,4.68,25.03,0.95,bicubic
hrnet_w18_ssld.paddle_in1k,224,81.132,18.868,95.634,4.366,21.3,0.95,bilinear
pit_s_224.in1k,224,81.126,18.874,95.328,4.672,23.46,0.9,bicubic
twins_pcpvt_small.in1k,224,81.122,18.878,95.616,4.384,24.11,0.9,bicubic
vit_srelpos_small_patch16_224.sw_in1k,224,81.108,18.892,95.58,4.42,21.97,0.9,bicubic
haloregnetz_b.ra3_in1k,224,81.052,18.948,95.2,4.8,11.68,0.94,bicubic
resnet152s.gluon_in1k,224,81.048,18.952,95.442,4.558,60.32,0.875,bicubic
resmlp_big_24_224.fb_in1k,224,81.034,18.966,95.026,4.974,129.14,0.875,bicubic
resnest50d_1s4x24d.in1k,224,81.018,18.982,95.336,4.664,25.68,0.875,bicubic
swin_tiny_patch4_window7_224.ms_in22k_ft_in1k,224,80.966,19.034,96.02,3.98,28.29,0.9,bicubic
resnest50d.in1k,224,80.958,19.042,95.372,4.628,27.48,0.875,bilinear
resnet50d.ra4_e3600_r224_in1k,224,80.956,19.044,95.38,4.62,25.58,0.95,bicubic
resnext101_32x4d.fb_ssl_yfcc100m_ft_in1k,224,80.936,19.064,95.732,4.268,44.18,0.875,bilinear
regnetx_032.tv2_in1k,224,80.926,19.074,95.268,4.732,15.3,0.965,bicubic
convnext_nano_ols.d1h_in1k,224,80.906,19.094,95.254,4.746,15.65,0.95,bicubic
seresnext101_32x4d.gluon_in1k,224,80.886,19.114,95.268,4.732,48.96,0.875,bicubic
seresnext101_64x4d.gluon_in1k,224,80.886,19.114,95.308,4.692,88.23,0.875,bicubic
ecaresnet50t.a2_in1k,224,80.884,19.116,95.022,4.978,25.57,0.95,bicubic
tiny_vit_5m_224.dist_in22k_ft_in1k,224,80.862,19.138,95.672,4.328,5.39,0.95,bicubic
resnet50.tv2_in1k,224,80.844,19.156,95.42,4.58,25.56,0.965,bilinear
resnetv2_50d_evos.ah_in1k,224,80.828,19.172,95.27,4.73,25.59,0.95,bicubic
repvit_m1_1.dist_300e_in1k,224,80.826,19.174,95.174,4.826,8.8,0.95,bicubic
tresnet_m.miil_in1k,224,80.816,19.184,94.862,5.138,31.39,0.875,bilinear
ecaresnet101d_pruned.miil_in1k,224,80.814,19.186,95.62,4.38,24.88,0.875,bicubic
regnety_320.pycls_in1k,224,80.796,19.204,95.24,4.76,145.05,0.875,bicubic
resnetv2_50d_gn.ah_in1k,224,80.794,19.206,95.356,4.644,25.57,0.95,bicubic
resmlp_24_224.fb_distilled_in1k,224,80.766,19.234,95.22,4.78,30.02,0.875,bicubic
convnext_nano.d1h_in1k,224,80.762,19.238,95.332,4.668,15.59,0.95,bicubic
poolformerv2_s24.sail_in1k,224,80.752,19.248,95.318,4.682,21.34,1.0,bicubic
hgnetv2_b2.ssld_stage1_in22k_in1k,224,80.746,19.254,95.498,4.502,11.22,0.965,bicubic
vit_base_patch32_224.augreg_in21k_ft_in1k,224,80.736,19.264,95.57,4.43,88.22,0.9,bicubic
resnet50d.a1_in1k,224,80.73,19.27,94.678,5.322,25.58,0.95,bicubic
gernet_m.idstcv_in1k,224,80.726,19.274,95.184,4.816,21.14,0.875,bilinear
resnetrs101.tf_in1k,192,80.71,19.29,95.238,4.762,63.62,0.94,bicubic
regnety_016.tv2_in1k,224,80.696,19.304,95.34,4.66,11.2,0.965,bicubic
resnet50.a1h_in1k,224,80.652,19.348,95.312,4.688,25.56,1.0,bicubic
resnext101_64x4d.gluon_in1k,224,80.64,19.36,95.0,5.0,83.46,0.875,bicubic
ecaresnet50d.miil_in1k,224,80.618,19.382,95.312,4.688,25.58,0.875,bicubic
resnetaa50.a1h_in1k,224,80.614,19.386,95.212,4.788,25.56,0.95,bicubic
resnet152.a3_in1k,224,80.548,19.452,95.004,4.996,60.19,0.95,bicubic
resnet50d.ra2_in1k,224,80.548,19.452,95.158,4.842,25.58,0.875,bicubic
resnext50_32x4d.a1_in1k,224,80.526,19.474,94.458,5.542,25.03,0.95,bicubic
repvgg_b3.rvgg_in1k,224,80.518,19.482,95.254,4.746,123.09,0.875,bilinear
efficientformer_l1.snap_dist_in1k,224,80.502,19.498,94.992,5.008,12.29,0.95,bicubic
mixnet_xl.ra_in1k,224,80.49,19.51,94.938,5.062,11.9,0.875,bicubic
wide_resnet101_2.tv2_in1k,176,80.488,19.512,94.98,5.02,126.89,0.875,bilinear
resnet152d.gluon_in1k,224,80.476,19.524,95.196,4.804,60.21,0.875,bicubic
repvit_m2.dist_in1k,224,80.468,19.532,95.172,4.828,8.8,0.95,bicubic
xcit_tiny_24_p16_224.fb_dist_in1k,224,80.466,19.534,95.202,4.798,12.12,1.0,bicubic
resnet101d.gluon_in1k,224,80.466,19.534,95.034,4.966,44.57,0.875,bicubic
ecaresnetlight.miil_in1k,224,80.456,19.544,95.248,4.752,30.16,0.875,bicubic
repvit_m1_0.dist_450e_in1k,224,80.446,19.554,94.92,5.08,7.3,0.95,bicubic
resnext50_32x4d.a2_in1k,224,80.444,19.556,94.63,5.37,25.03,0.95,bicubic
mobilenetv4_hybrid_medium.e500_r224_in1k,224,80.438,19.562,95.376,4.624,11.07,0.95,bicubic
wide_resnet50_2.tv2_in1k,176,80.436,19.564,95.082,4.918,68.88,0.875,bilinear
resnetv2_50.a1h_in1k,224,80.406,19.594,95.084,4.916,25.55,0.95,bicubic
regnety_120.pycls_in1k,224,80.382,19.618,95.104,4.896,51.82,0.875,bicubic
resnet50.a1_in1k,224,80.382,19.618,94.598,5.402,25.56,0.95,bicubic
resnext101_32x4d.gluon_in1k,224,80.336,19.664,94.908,5.092,44.18,0.875,bicubic
resnext50_32x4d.fb_ssl_yfcc100m_ft_in1k,224,80.316,19.684,95.386,4.614,25.03,0.875,bilinear
rexnet_150.nav_in1k,224,80.31,19.69,95.168,4.832,9.73,0.875,bicubic
convnextv2_pico.fcmae_ft_in1k,224,80.304,19.696,95.082,4.918,9.07,0.875,bicubic
poolformer_s24.sail_in1k,224,80.3,19.7,95.06,4.94,21.39,0.9,bicubic
resnet101s.gluon_in1k,224,80.286,19.714,95.15,4.85,44.67,0.875,bicubic
regnety_160.pycls_in1k,224,80.284,19.716,94.982,5.018,83.59,0.875,bicubic
legacy_seresnext101_32x4d.in1k,224,80.274,19.726,95.032,4.968,48.96,0.875,bilinear
res2net50d.in1k,224,80.27,19.73,95.02,4.98,25.72,0.875,bilinear
resnet50d.a2_in1k,224,80.268,19.732,94.642,5.358,25.58,0.95,bicubic
regnetx_320.pycls_in1k,224,80.262,19.738,95.012,4.988,107.81,0.875,bicubic
seresnet50.ra2_in1k,224,80.26,19.74,95.068,4.932,28.09,0.875,bicubic
repvgg_b3g4.rvgg_in1k,224,80.248,19.752,95.102,4.898,83.83,0.875,bilinear
vit_base_patch16_224.sam_in1k,224,80.242,19.758,94.768,5.232,86.57,0.9,bicubic
resnet152.tv2_in1k,176,80.212,19.788,94.654,5.346,60.19,0.875,bilinear
dpn107.mx_in1k,224,80.168,19.832,94.936,5.064,86.92,0.875,bicubic
skresnext50_32x4d.ra_in1k,224,80.166,19.834,94.644,5.356,27.48,0.875,bicubic
convmixer_768_32.in1k,224,80.158,19.842,95.07,4.93,21.11,0.96,bicubic
repvit_m1_0.dist_300e_in1k,224,80.152,19.848,94.77,5.23,7.3,0.95,bicubic
mobilenet_edgetpu_v2_m.ra4_e3600_r224_in1k,224,80.13,19.87,94.998,5.002,8.46,0.9,bicubic
mobilenet_edgetpu_v2_m,224,80.118,19.882,94.994,5.006,8.46,0.9,bicubic
seresnet50.a2_in1k,224,80.102,19.898,94.72,5.28,28.09,0.95,bicubic
resnet50_gn.a1h_in1k,224,80.066,19.934,94.954,5.046,25.56,0.94,bicubic
dpn92.mx_in1k,224,80.028,19.972,94.878,5.122,37.67,0.875,bicubic
seresnet50.a1_in1k,224,80.012,19.988,94.706,5.294,28.09,0.95,bicubic
seresnext50_32x4d.gluon_in1k,224,79.918,20.082,94.816,5.184,27.56,0.875,bicubic
resnetrs50.tf_in1k,224,79.916,20.084,94.974,5.026,35.69,0.91,bicubic
resnet152c.gluon_in1k,224,79.906,20.094,94.85,5.15,60.21,0.875,bicubic
resnet101.tv2_in1k,176,79.906,20.094,94.604,5.396,44.55,0.875,bilinear
resnet50.d_in1k,224,79.904,20.096,94.666,5.334,25.56,0.95,bicubic
hgnet_tiny.paddle_in1k,224,79.888,20.112,95.048,4.952,14.74,0.965,bicubic
regnety_080.pycls_in1k,224,79.882,20.118,94.836,5.164,39.18,0.875,bicubic
regnetz_b16.ra3_in1k,224,79.874,20.126,94.978,5.022,9.72,0.94,bicubic
resnet50.c2_in1k,224,79.868,20.132,94.866,5.134,25.56,0.95,bicubic
deit_small_patch16_224.fb_in1k,224,79.862,20.138,95.056,4.944,22.05,0.9,bicubic
levit_conv_192.fb_dist_in1k,224,79.86,20.14,94.802,5.198,10.95,0.9,bicubic
regnetx_160.pycls_in1k,224,79.858,20.142,94.824,5.176,54.28,0.875,bicubic
levit_192.fb_dist_in1k,224,79.85,20.15,94.804,5.196,10.95,0.9,bicubic
dpn131.mx_in1k,224,79.834,20.166,94.708,5.292,79.25,0.875,bicubic
resnet50.a2_in1k,224,79.828,20.172,94.56,5.44,25.56,0.95,bicubic
resnet101.a3_in1k,224,79.82,20.18,94.614,5.386,44.55,0.95,bicubic
resnext50_32x4d.ra_in1k,224,79.8,20.2,94.608,5.392,25.03,0.875,bicubic
resmlp_36_224.fb_in1k,224,79.772,20.228,94.888,5.112,44.69,0.875,bicubic
resnet50.c1_in1k,224,79.766,20.234,94.958,5.042,25.56,0.95,bicubic
gcvit_xxtiny.in1k,224,79.75,20.25,95.06,4.94,12.0,0.875,bicubic
cait_xxs36_224.fb_dist_in1k,224,79.738,20.262,94.862,5.138,17.3,1.0,bicubic
regnety_064.pycls_in1k,224,79.728,20.272,94.764,5.236,30.58,0.875,bicubic
ecaresnet50d_pruned.miil_in1k,224,79.722,20.278,94.872,5.128,19.94,0.875,bicubic
xcit_tiny_12_p8_224.fb_in1k,224,79.712,20.288,95.054,4.946,6.71,1.0,bicubic
resnet152.gluon_in1k,224,79.712,20.288,94.72,5.28,60.19,0.875,bicubic
efficientformerv2_s1.snap_dist_in1k,224,79.684,20.316,94.69,5.31,6.19,0.95,bicubic
resnext50d_32x4d.bt_in1k,224,79.672,20.328,94.878,5.122,25.05,0.875,bicubic
dpn98.mx_in1k,224,79.656,20.344,94.642,5.358,61.57,0.875,bicubic
gmlp_s16_224.ra3_in1k,224,79.644,20.356,94.628,5.372,19.42,0.875,bicubic
regnetx_120.pycls_in1k,224,79.608,20.392,94.734,5.266,46.11,0.875,bicubic
resnet50.b1k_in1k,224,79.564,20.436,94.622,5.378,25.56,0.95,bicubic
ecaresnet50t.a3_in1k,224,79.548,20.452,94.71,5.29,25.57,0.95,bicubic
convnext_pico_ols.d1_in1k,224,79.542,20.458,94.706,5.294,9.06,0.95,bicubic
resnet101c.gluon_in1k,224,79.542,20.458,94.588,5.412,44.57,0.875,bicubic
convnext_pico.d1_in1k,224,79.516,20.484,94.554,5.446,9.05,0.875,bicubic
rexnet_130.nav_in1k,224,79.49,20.51,94.684,5.316,7.56,0.875,bicubic
xcit_tiny_24_p16_224.fb_in1k,224,79.458,20.542,94.882,5.118,12.12,1.0,bicubic
hrnet_w64.ms_in1k,224,79.458,20.542,94.648,5.352,128.06,0.875,bilinear
regnetx_016.tv2_in1k,224,79.452,20.548,94.772,5.228,9.19,0.965,bicubic
mobileone_s4.apple_in1k,224,79.45,20.55,94.49,5.51,14.95,0.9,bilinear
dla102x2.in1k,224,79.448,20.552,94.654,5.346,41.28,0.875,bilinear
mobilenetv4_conv_blur_medium.e500_r224_in1k,224,79.446,20.554,94.92,5.08,9.72,0.95,bicubic
resnet50.tv2_in1k,176,79.432,20.568,94.632,5.368,25.56,0.875,bilinear
repvgg_b2g4.rvgg_in1k,224,79.396,20.604,94.68,5.32,61.76,0.875,bilinear
resnet50.b2k_in1k,224,79.38,20.62,94.576,5.424,25.56,0.95,bicubic
resmlp_24_224.fb_in1k,224,79.38,20.62,94.55,5.45,30.02,0.875,bicubic
resnext50_32x4d.tv2_in1k,176,79.374,20.626,94.302,5.698,25.03,0.875,bilinear
resnext50_32x4d.gluon_in1k,224,79.354,20.646,94.424,5.576,25.03,0.875,bicubic
hrnet_w48.ms_in1k,224,79.324,20.676,94.534,5.466,77.47,0.875,bilinear
ese_vovnet39b.ra_in1k,224,79.316,20.684,94.714,5.286,24.57,0.875,bicubic
resnext101_32x8d.tv_in1k,224,79.314,20.686,94.524,5.476,88.79,0.875,bilinear
resnet101.gluon_in1k,224,79.306,20.694,94.538,5.462,44.55,0.875,bicubic
resnetblur50.bt_in1k,224,79.306,20.694,94.632,5.368,25.56,0.875,bicubic
resnet50.a1h_in1k,176,79.26,20.74,94.498,5.502,25.56,0.9,bicubic
resnet50.fb_ssl_yfcc100m_ft_in1k,224,79.252,20.748,94.826,5.174,25.56,0.875,bilinear
resnext50_32x4d.a3_in1k,224,79.252,20.748,94.29,5.71,25.03,0.95,bicubic
efficientvit_b1.r224_in1k,224,79.24,20.76,94.294,5.706,9.1,0.95,bicubic
regnety_040.pycls_in1k,224,79.236,20.764,94.664,5.336,20.65,0.875,bicubic
regnetx_080.pycls_in1k,224,79.216,20.784,94.548,5.452,39.57,0.875,bicubic
tf_efficientnetv2_b2.in1k,208,79.206,20.794,94.602,5.398,10.1,0.89,bicubic
tiny_vit_5m_224.in1k,224,79.196,20.804,94.802,5.198,5.39,0.95,bicubic
res2net101_26w_4s.in1k,224,79.186,20.814,94.464,5.536,45.21,0.875,bilinear
pit_xs_distilled_224.in1k,224,79.168,20.832,94.368,5.632,11.0,0.9,bicubic
vit_base_patch16_224.augreg_in1k,224,79.142,20.858,94.09,5.91,86.57,0.9,bicubic
coat_lite_mini.in1k,224,79.096,20.904,94.592,5.408,11.01,0.9,bicubic
mobilenetv4_conv_medium.e500_r224_in1k,224,79.092,20.908,94.788,5.212,9.72,0.95,bicubic
legacy_seresnext50_32x4d.in1k,224,79.084,20.916,94.432,5.568,27.56,0.875,bilinear
resnet50d.gluon_in1k,224,79.08,20.92,94.458,5.542,25.58,0.875,bicubic
regnetx_064.pycls_in1k,224,79.06,20.94,94.47,5.53,26.21,0.875,bicubic
repvit_m0_9.dist_450e_in1k,224,79.058,20.942,94.388,5.612,5.49,0.95,bicubic
resnet50.ram_in1k,224,79.032,20.968,94.386,5.614,25.56,0.875,bicubic
resnet50.am_in1k,224,79.004,20.996,94.392,5.608,25.56,0.875,bicubic
mixnet_l.ft_in1k,224,78.97,21.03,94.18,5.82,7.33,0.875,bicubic
res2net50_26w_8s.in1k,224,78.948,21.052,94.28,5.72,48.4,0.875,bilinear
hrnet_w40.ms_in1k,224,78.924,21.076,94.478,5.522,57.56,0.875,bilinear
resnet152.a3_in1k,160,78.896,21.104,94.124,5.876,60.19,0.95,bicubic
hgnetv2_b1.ssld_stage2_ft_in1k,224,78.896,21.104,94.484,5.516,6.34,0.965,bicubic
regnety_032.pycls_in1k,224,78.896,21.104,94.428,5.572,19.44,0.875,bicubic
hrnet_w44.ms_in1k,224,78.882,21.118,94.374,5.626,67.06,0.875,bilinear
wide_resnet101_2.tv_in1k,224,78.848,21.152,94.312,5.688,126.89,0.875,bilinear
vit_small_patch16_224.augreg_in1k,224,78.842,21.158,94.278,5.722,22.05,0.9,bicubic
resnet50.ra_in1k,224,78.814,21.186,94.32,5.68,25.56,0.875,bicubic
repvgg_b2.rvgg_in1k,224,78.794,21.206,94.414,5.586,89.02,0.875,bilinear
repghostnet_200.in1k,224,78.79,21.21,94.336,5.664,9.8,0.875,bicubic
tf_mixnet_l.in1k,224,78.776,21.224,93.998,6.002,7.33,0.875,bicubic
resnet50d.a3_in1k,224,78.742,21.258,94.236,5.764,25.58,0.95,bicubic
resnet50s.gluon_in1k,224,78.71,21.29,94.248,5.752,25.68,0.875,bicubic
dla169.in1k,224,78.706,21.294,94.338,5.662,53.39,0.875,bilinear
pvt_v2_b1.in1k,224,78.702,21.298,94.492,5.508,14.01,0.9,bicubic
tf_efficientnet_b0.ns_jft_in1k,224,78.684,21.316,94.37,5.63,5.29,0.875,bicubic
legacy_seresnet152.in1k,224,78.66,21.34,94.372,5.628,66.82,0.875,bilinear
fbnetv3_d.ra2_in1k,224,78.656,21.344,94.454,5.546,10.31,0.95,bilinear
regnety_008_tv.tv2_in1k,224,78.656,21.344,94.382,5.618,6.43,0.965,bicubic
repvit_m0_9.dist_300e_in1k,224,78.654,21.346,94.114,5.886,5.49,0.95,bicubic
res2net50_26w_6s.in1k,224,78.584,21.416,94.106,5.894,37.05,0.875,bilinear
xcit_tiny_12_p16_224.fb_dist_in1k,224,78.578,21.422,94.21,5.79,6.72,1.0,bicubic
efficientnet_b0.ra4_e3600_r224_in1k,224,78.572,21.428,94.338,5.662,5.29,0.9,bicubic
dpn68b.ra_in1k,224,78.544,21.456,93.978,6.022,12.61,0.95,bicubic
repvit_m1.dist_in1k,224,78.542,21.458,94.082,5.918,5.49,0.95,bicubic
dla102x.in1k,224,78.5,21.5,94.228,5.772,26.31,0.875,bilinear
regnetx_040.pycls_in1k,224,78.494,21.506,94.242,5.758,22.12,0.875,bicubic
dla60_res2next.in1k,224,78.488,21.512,94.144,5.856,17.03,0.875,bilinear
levit_conv_128.fb_dist_in1k,224,78.488,21.512,94.0,6.0,9.21,0.9,bicubic
levit_128.fb_dist_in1k,224,78.486,21.514,93.998,6.002,9.21,0.9,bicubic
convnextv2_femto.fcmae_ft_in1k,224,78.484,21.516,93.994,6.006,5.23,0.875,bicubic
dla60_res2net.in1k,224,78.48,21.52,94.202,5.798,20.85,0.875,bilinear
wide_resnet50_2.tv_in1k,224,78.48,21.52,94.086,5.914,68.88,0.875,bilinear
resnest26d.gluon_in1k,224,78.476,21.524,94.3,5.7,17.07,0.875,bilinear
hrnet_w32.ms_in1k,224,78.456,21.544,94.186,5.814,41.23,0.875,bilinear
coat_tiny.in1k,224,78.442,21.558,94.036,5.964,5.5,0.9,bicubic
resnet50.bt_in1k,224,78.432,21.568,94.27,5.73,25.56,0.875,bicubic
selecsls60b.in1k,224,78.41,21.59,94.166,5.834,32.77,0.875,bicubic
legacy_seresnet101.in1k,224,78.396,21.604,94.258,5.742,49.33,0.875,bilinear
cait_xxs24_224.fb_dist_in1k,224,78.392,21.608,94.334,5.666,11.96,1.0,bicubic
tf_efficientnetv2_b0.in1k,224,78.38,21.62,94.026,5.974,7.14,0.875,bicubic
repvgg_b1.rvgg_in1k,224,78.372,21.628,94.108,5.892,57.42,0.875,bilinear
resnet152.tv_in1k,224,78.33,21.67,94.046,5.954,60.19,0.875,bilinear
res2next50.in1k,224,78.236,21.764,93.904,6.096,24.67,0.875,bilinear
dla60x.in1k,224,78.23,21.77,94.02,5.98,17.35,0.875,bilinear
hrnet_w30.ms_in1k,224,78.214,21.786,94.214,5.786,37.71,0.875,bilinear
pit_xs_224.in1k,224,78.212,21.788,94.15,5.85,10.62,0.9,bicubic
hrnet_w18_small_v2.gluon_in1k,224,78.184,21.816,93.912,6.088,15.6,0.875,bicubic
regnetx_032.pycls_in1k,224,78.166,21.834,94.09,5.91,15.3,0.875,bicubic
fbnetv3_b.ra2_in1k,224,78.16,21.84,94.242,5.758,8.6,0.95,bilinear
visformer_tiny.in1k,224,78.16,21.84,94.164,5.836,10.32,0.9,bicubic
res2net50_14w_8s.in1k,224,78.146,21.854,93.85,6.15,25.06,0.875,bilinear
hrnet_w18.ms_aug_in1k,224,78.116,21.884,94.062,5.938,21.3,0.95,bilinear
hardcorenas_f.miil_green_in1k,224,78.108,21.892,93.8,6.2,8.2,0.875,bilinear
efficientnet_es.ra_in1k,224,78.092,21.908,93.932,6.068,5.44,0.875,bicubic
hgnetv2_b1.ssld_stage1_in22k_in1k,224,78.078,21.922,94.186,5.814,6.34,0.965,bicubic
resnet50.a3_in1k,224,78.052,21.948,93.78,6.22,25.56,0.95,bicubic
gmixer_24_224.ra3_in1k,224,78.048,21.952,93.654,6.346,24.72,0.875,bicubic
dla102.in1k,224,78.018,21.982,93.948,6.052,33.27,0.875,bilinear
resnet50c.gluon_in1k,224,78.016,21.984,93.994,6.006,25.58,0.875,bicubic
poolformerv2_s12.sail_in1k,224,78.008,21.992,93.864,6.136,11.89,1.0,bicubic
mobileone_s3.apple_in1k,224,78.002,21.998,93.91,6.09,10.17,0.9,bilinear
res2net50_26w_4s.in1k,224,77.986,22.014,93.862,6.138,25.7,0.875,bilinear
selecsls60.in1k,224,77.986,22.014,93.826,6.174,30.67,0.875,bicubic
seresnext26t_32x4d.bt_in1k,224,77.98,22.02,93.75,6.25,16.81,0.875,bicubic
resmlp_12_224.fb_distilled_in1k,224,77.948,22.052,93.562,6.438,15.35,0.875,bicubic
tf_efficientnetv2_b1.in1k,192,77.93,22.07,93.822,6.178,8.14,0.882,bicubic
resnet101.a3_in1k,160,77.928,22.072,93.686,6.314,44.55,0.95,bicubic
tf_efficientnet_cc_b0_8e.in1k,224,77.924,22.076,93.65,6.35,24.01,0.875,bicubic
mobilenetv3_large_100.miil_in21k_ft_in1k,224,77.91,22.09,92.884,7.116,5.48,0.875,bilinear
regnety_016.pycls_in1k,224,77.908,22.092,93.724,6.276,11.2,0.875,bicubic
resnetrs50.tf_in1k,160,77.85,22.15,93.814,6.186,35.69,0.91,bicubic
rexnet_100.nav_in1k,224,77.846,22.154,93.876,6.124,4.8,0.875,bicubic
convnext_femto_ols.d1_in1k,224,77.844,22.156,93.824,6.176,5.23,0.875,bicubic
ghostnetv2_160.in1k,224,77.836,22.164,93.942,6.058,12.39,0.875,bicubic
hardcorenas_e.miil_green_in1k,224,77.79,22.21,93.69,6.31,8.07,0.875,bilinear
ecaresnet50t.a3_in1k,160,77.78,22.22,93.612,6.388,25.57,0.95,bicubic
resnext50_32x4d.a3_in1k,160,77.734,22.266,93.314,6.686,25.03,0.95,bicubic
efficientnet_b0.ra_in1k,224,77.696,22.304,93.54,6.46,5.29,0.875,bicubic
tinynet_a.in1k,192,77.664,22.336,93.532,6.468,6.19,0.875,bicubic
legacy_seresnet50.in1k,224,77.644,22.356,93.72,6.28,28.09,0.875,bilinear
resnext50_32x4d.tv_in1k,224,77.632,22.368,93.674,6.326,25.03,0.875,bilinear
repvgg_b1g4.rvgg_in1k,224,77.602,22.398,93.844,6.156,39.97,0.875,bilinear
efficientnet_b1.ft_in1k,224,77.594,22.406,93.63,6.37,7.79,0.875,bicubic
seresnext26d_32x4d.bt_in1k,224,77.586,22.414,93.61,6.39,16.81,0.875,bicubic
resnet50.gluon_in1k,224,77.58,22.42,93.726,6.274,25.56,0.875,bicubic
coat_lite_tiny.in1k,224,77.548,22.452,93.924,6.076,5.72,0.9,bicubic
dpn68b.mx_in1k,224,77.542,22.458,93.842,6.158,12.61,0.875,bicubic
res2net50_48w_2s.in1k,224,77.536,22.464,93.564,6.436,25.29,0.875,bilinear
convnext_femto.d1_in1k,224,77.508,22.492,93.688,6.312,5.22,0.875,bicubic
mobileone_s2.apple_in1k,224,77.504,22.496,93.664,6.336,7.88,0.9,bilinear
repghostnet_150.in1k,224,77.47,22.53,93.498,6.502,6.58,0.875,bicubic
hardcorenas_d.miil_green_in1k,224,77.45,22.55,93.48,6.52,7.5,0.875,bilinear
resnet101.tv_in1k,224,77.404,22.596,93.552,6.448,44.55,0.875,bilinear
densenet161.tv_in1k,224,77.35,22.65,93.654,6.346,28.68,0.875,bicubic
hgnetv2_b0.ssld_stage2_ft_in1k,224,77.342,22.658,93.786,6.214,6.0,0.965,bicubic
tf_efficientnet_cc_b0_4e.in1k,224,77.324,22.676,93.332,6.668,13.31,0.875,bicubic
mobilenetv2_120d.ra_in1k,224,77.298,22.702,93.516,6.484,5.83,0.875,bicubic
regnetx_008.tv2_in1k,224,77.288,22.712,93.662,6.338,7.26,0.965,bicubic
densenet201.tv_in1k,224,77.284,22.716,93.48,6.52,20.01,0.875,bicubic
mixnet_m.ft_in1k,224,77.274,22.726,93.428,6.572,5.01,0.875,bicubic
poolformer_s12.sail_in1k,224,77.244,22.756,93.538,6.462,11.92,0.9,bicubic
resnet50d.a3_in1k,160,77.222,22.778,93.256,6.744,25.58,0.95,bicubic
selecsls42b.in1k,224,77.186,22.814,93.392,6.608,32.46,0.875,bicubic
xcit_tiny_12_p16_224.fb_in1k,224,77.142,22.858,93.73,6.27,6.72,1.0,bicubic
resnet34d.ra2_in1k,224,77.104,22.896,93.376,6.624,21.82,0.875,bicubic
legacy_seresnext26_32x4d.in1k,224,77.1,22.9,93.332,6.668,16.79,0.875,bicubic
hardcorenas_c.miil_green_in1k,224,77.094,22.906,93.192,6.808,5.52,0.875,bilinear
tf_efficientnet_b0.ap_in1k,224,77.094,22.906,93.26,6.74,5.29,0.875,bicubic
efficientvit_m5.r224_in1k,224,77.082,22.918,93.166,6.834,12.47,0.875,bicubic
dla60.in1k,224,77.046,22.954,93.318,6.682,22.04,0.875,bilinear
seresnet50.a3_in1k,224,77.036,22.964,93.072,6.928,28.09,0.95,bicubic
tf_mixnet_m.in1k,224,76.964,23.036,93.168,6.832,5.01,0.875,bicubic
skresnet34.ra_in1k,224,76.956,23.044,93.318,6.682,22.28,0.875,bicubic
convmixer_1024_20_ks9_p14.in1k,224,76.944,23.056,93.364,6.636,24.38,0.96,bicubic
mobilenetv1_125.ra4_e3600_r224_in1k,224,76.928,23.072,93.216,6.784,6.27,0.9,bicubic
regnetx_016.pycls_in1k,224,76.924,23.076,93.43,6.57,9.19,0.875,bicubic
gernet_s.idstcv_in1k,224,76.902,23.098,93.136,6.864,8.17,0.875,bilinear
tf_efficientnet_b0.aa_in1k,224,76.882,23.118,93.27,6.73,5.29,0.875,bicubic
tf_efficientnetv2_b0.in1k,192,76.88,23.12,93.184,6.816,7.14,0.875,bicubic
hgnetv2_b0.ssld_stage1_in22k_in1k,224,76.844,23.156,93.612,6.388,6.0,0.965,bicubic
ese_vovnet19b_dw.ra_in1k,224,76.798,23.202,93.272,6.728,6.54,0.875,bicubic
ghostnetv2_130.in1k,224,76.762,23.238,93.36,6.64,8.96,0.875,bicubic
hrnet_w18.ms_in1k,224,76.76,23.24,93.446,6.554,21.3,0.875,bilinear
resnet26d.bt_in1k,224,76.698,23.302,93.156,6.844,16.01,0.875,bicubic
resmlp_12_224.fb_in1k,224,76.66,23.34,93.17,6.83,15.35,0.875,bicubic
convnextv2_atto.fcmae_ft_in1k,224,76.646,23.354,93.044,6.956,3.71,0.875,bicubic
mixer_b16_224.goog_in21k_ft_in1k,224,76.64,23.36,92.228,7.772,59.88,0.875,bicubic
tf_efficientnet_es.in1k,224,76.608,23.392,93.176,6.824,5.44,0.875,bicubic
densenetblur121d.ra_in1k,224,76.572,23.428,93.186,6.814,8.0,0.875,bicubic
hardcorenas_b.miil_green_in1k,224,76.552,23.448,92.766,7.234,5.18,0.875,bilinear
tf_efficientnet_b0.in1k,224,76.536,23.464,93.01,6.99,5.29,0.875,bicubic
levit_conv_128s.fb_dist_in1k,224,76.534,23.466,92.882,7.118,7.78,0.9,bicubic
mobilenetv2_140.ra_in1k,224,76.528,23.472,93.008,6.992,6.11,0.875,bicubic
levit_128s.fb_dist_in1k,224,76.522,23.478,92.874,7.126,7.78,0.9,bicubic
repvgg_a2.rvgg_in1k,224,76.492,23.508,93.016,6.984,28.21,0.875,bilinear
resnet34.a1_in1k,224,76.414,23.586,92.886,7.114,21.8,0.95,bicubic
repghostnet_130.in1k,224,76.366,23.634,92.898,7.102,5.48,0.875,bicubic
dpn68.mx_in1k,224,76.338,23.662,92.99,7.01,12.61,0.875,bicubic
regnety_008.pycls_in1k,224,76.334,23.666,93.06,6.94,6.26,0.875,bicubic
xcit_nano_12_p8_224.fb_dist_in1k,224,76.328,23.672,93.07,6.93,3.05,1.0,bicubic
resnet50.tv_in1k,224,76.156,23.844,92.866,7.134,25.56,0.875,bilinear
efficientformerv2_s0.snap_dist_in1k,224,76.116,23.884,92.854,7.146,3.6,0.95,bicubic
mixnet_s.ft_in1k,224,76.002,23.998,92.8,7.2,4.13,0.875,bicubic
vit_small_patch32_224.augreg_in21k_ft_in1k,224,75.996,24.004,93.272,6.728,22.88,0.9,bicubic
resnet50.a3_in1k,160,75.994,24.006,92.494,7.506,25.56,0.95,bicubic
hardcorenas_a.miil_green_in1k,224,75.926,24.074,92.486,7.514,5.26,0.875,bilinear
densenet169.tv_in1k,224,75.922,24.078,92.976,7.024,14.15,0.875,bicubic
convnext_atto_ols.a2_in1k,224,75.902,24.098,92.844,7.156,3.7,0.875,bicubic
mobilenetv3_large_100.ra_in1k,224,75.786,24.214,92.528,7.472,5.48,0.875,bicubic
mobileone_s1.apple_in1k,224,75.774,24.226,92.788,7.212,4.83,0.9,bilinear
convnext_atto.d2_in1k,224,75.668,24.332,92.912,7.088,3.7,0.875,bicubic
mobilenetv1_100h.ra4_e3600_r224_in1k,224,75.658,24.342,92.504,7.496,5.28,0.875,bicubic
tf_mixnet_s.in1k,224,75.652,24.348,92.628,7.372,4.13,0.875,bicubic
mobilenetv3_rw.rmsp_in1k,224,75.614,24.386,92.698,7.302,5.48,0.875,bicubic
regnety_004.tv2_in1k,224,75.588,24.412,92.698,7.302,4.34,0.965,bicubic
densenet121.ra_in1k,224,75.576,24.424,92.648,7.352,7.98,0.875,bicubic
resnest14d.gluon_in1k,224,75.516,24.484,92.514,7.486,10.61,0.875,bilinear
resnet34.a2_in1k,224,75.516,24.484,92.456,7.544,21.8,0.95,bicubic
tf_mobilenetv3_large_100.in1k,224,75.514,24.486,92.602,7.398,5.48,0.875,bilinear
efficientnet_lite0.ra_in1k,224,75.49,24.51,92.514,7.486,4.65,0.875,bicubic
semnasnet_100.rmsp_in1k,224,75.464,24.536,92.612,7.388,3.89,0.875,bicubic
vit_tiny_patch16_224.augreg_in21k_ft_in1k,224,75.452,24.548,92.854,7.146,5.72,0.9,bicubic
mobilenetv1_100.ra4_e3600_r224_in1k,224,75.384,24.616,92.312,7.688,4.23,0.875,bicubic
resnet26.bt_in1k,224,75.292,24.708,92.572,7.428,16.0,0.875,bicubic
regnety_006.pycls_in1k,224,75.262,24.738,92.526,7.474,6.06,0.875,bicubic
ghostnetv2_100.in1k,224,75.176,24.824,92.334,7.666,6.16,0.875,bicubic
repvgg_b0.rvgg_in1k,224,75.162,24.838,92.42,7.58,15.82,0.875,bilinear
resnet34.bt_in1k,224,75.162,24.838,92.17,7.83,21.8,0.875,bicubic
fbnetc_100.rmsp_in1k,224,75.114,24.886,92.382,7.618,5.57,0.875,bilinear
seresnet50.a3_in1k,160,75.1,24.9,92.096,7.904,28.09,0.95,bicubic
hrnet_w18_small_v2.ms_in1k,224,75.098,24.902,92.418,7.582,15.6,0.875,bilinear
repghostnet_111.in1k,224,75.068,24.932,92.184,7.816,4.54,0.875,bicubic
regnetx_008.pycls_in1k,224,75.062,24.938,92.34,7.66,7.26,0.875,bicubic
mobilenetv2_110d.ra_in1k,224,75.054,24.946,92.186,7.814,4.52,0.875,bicubic
efficientnet_es_pruned.in1k,224,75.0,25.0,92.448,7.552,5.44,0.875,bicubic
tinynet_b.in1k,188,74.966,25.034,92.196,7.804,3.73,0.875,bicubic
vit_base_patch32_224.augreg_in1k,224,74.906,25.094,91.77,8.23,88.22,0.9,bicubic
tf_efficientnet_lite0.in1k,224,74.846,25.154,92.18,7.82,4.65,0.875,bicubic
legacy_seresnet34.in1k,224,74.788,25.212,92.134,7.866,21.96,0.875,bilinear
densenet121.tv_in1k,224,74.748,25.252,92.154,7.846,7.98,0.875,bicubic
mnasnet_100.rmsp_in1k,224,74.662,25.338,92.108,7.892,4.38,0.875,bicubic
dla34.in1k,224,74.632,25.368,92.052,7.948,15.74,0.875,bilinear
regnetx_004_tv.tv2_in1k,224,74.584,25.416,92.17,7.83,5.5,0.965,bicubic
resnet34.gluon_in1k,224,74.574,25.426,91.988,8.012,21.8,0.875,bicubic
deit_tiny_distilled_patch16_224.fb_in1k,224,74.54,25.46,91.894,8.106,5.91,0.9,bicubic
repvgg_a1.rvgg_in1k,224,74.468,25.532,91.84,8.16,14.09,0.875,bilinear
efficientvit_m4.r224_in1k,224,74.346,25.654,91.984,8.016,8.8,0.875,bicubic
pit_ti_distilled_224.in1k,224,74.278,25.722,91.928,8.072,5.1,0.9,bicubic
vgg19_bn.tv_in1k,224,74.236,25.764,91.844,8.156,143.68,0.875,bilinear
repghostnet_100.in1k,224,74.2,25.8,91.55,8.45,4.07,0.875,bicubic
spnasnet_100.rmsp_in1k,224,74.082,25.918,91.828,8.172,4.42,0.875,bilinear
regnety_004.pycls_in1k,224,74.006,25.994,91.756,8.244,4.34,0.875,bicubic
ghostnet_100.in1k,224,73.96,26.04,91.542,8.458,5.18,0.875,bicubic
hrnet_w18_small.gluon_in1k,224,73.932,26.068,91.172,8.828,13.19,0.875,bicubic
xcit_nano_12_p8_224.fb_in1k,224,73.9,26.1,92.146,7.854,3.05,1.0,bicubic
regnetx_006.pycls_in1k,224,73.884,26.116,91.666,8.334,6.2,0.875,bicubic
mobilenetv4_conv_small.e2400_r224_in1k,224,73.73,26.27,91.426,8.574,3.77,0.875,bicubic
vit_base_patch32_224.sam_in1k,224,73.706,26.294,91.012,8.988,88.22,0.9,bicubic
tf_mobilenetv3_large_075.in1k,224,73.448,26.552,91.344,8.656,3.99,0.875,bilinear
mobilenetv4_conv_small.e1200_r224_in1k,224,73.436,26.564,91.342,8.658,3.77,0.875,bicubic
efficientvit_m3.r224_in1k,224,73.408,26.592,91.348,8.652,6.9,0.875,bicubic
vgg16_bn.tv_in1k,224,73.356,26.644,91.5,8.5,138.37,0.875,bilinear
resnet34.tv_in1k,224,73.298,26.702,91.422,8.578,21.8,0.875,bilinear
resnet18.fb_swsl_ig1b_ft_in1k,224,73.288,26.712,91.754,8.246,11.69,0.875,bilinear
convit_tiny.fb_in1k,224,73.126,26.874,91.69,8.31,5.71,0.875,bicubic
skresnet18.ra_in1k,224,73.02,26.98,91.174,8.826,11.96,0.875,bicubic
semnasnet_075.rmsp_in1k,224,73.008,26.992,91.126,8.874,2.91,0.875,bicubic
resnet34.a3_in1k,224,72.982,27.018,91.116,8.884,21.8,0.95,bicubic
mobilenetv2_100.ra_in1k,224,72.936,27.064,91.002,8.998,3.5,0.875,bicubic
pit_ti_224.in1k,224,72.924,27.076,91.412,8.588,4.85,0.9,bicubic
resnet18.fb_ssl_yfcc100m_ft_in1k,224,72.636,27.364,91.416,8.584,11.69,0.875,bilinear
regnetx_004.pycls_in1k,224,72.432,27.568,90.848,9.152,5.16,0.875,bicubic
repvgg_a0.rvgg_in1k,224,72.424,27.576,90.514,9.486,9.11,0.875,bilinear
vgg19.tv_in1k,224,72.4,27.6,90.878,9.122,143.67,0.875,bilinear
hrnet_w18_small.ms_in1k,224,72.334,27.666,90.686,9.314,13.19,0.875,bilinear
xcit_nano_12_p16_224.fb_dist_in1k,224,72.318,27.682,90.826,9.174,3.05,1.0,bicubic
tf_mobilenetv3_large_minimal_100.in1k,224,72.27,27.73,90.662,9.338,3.92,0.875,bilinear
resnet18d.ra2_in1k,224,72.268,27.732,90.682,9.318,11.71,0.875,bicubic
resnet14t.c3_in1k,224,72.242,27.758,90.318,9.682,10.08,0.95,bicubic
repghostnet_080.in1k,224,72.236,27.764,90.49,9.51,3.28,0.875,bicubic
deit_tiny_patch16_224.fb_in1k,224,72.196,27.804,91.1,8.9,5.72,0.9,bicubic
lcnet_100.ra2_in1k,224,72.128,27.872,90.368,9.632,2.95,0.875,bicubic
mixer_l16_224.goog_in21k_ft_in1k,224,72.09,27.91,87.65,12.35,208.2,0.875,bicubic
vit_tiny_r_s16_p8_224.augreg_in21k_ft_in1k,224,71.82,28.18,90.814,9.186,6.34,0.9,bicubic
legacy_seresnet18.in1k,224,71.742,28.258,90.34,9.66,11.78,0.875,bicubic
vgg16.tv_in1k,224,71.6,28.4,90.398,9.602,138.36,0.875,bilinear
vgg13_bn.tv_in1k,224,71.556,28.444,90.372,9.628,133.05,0.875,bilinear
resnet18.a1_in1k,224,71.488,28.512,90.076,9.924,11.69,0.95,bicubic
efficientvit_b0.r224_in1k,224,71.404,28.596,89.434,10.566,3.41,0.95,bicubic
mobileone_s0.apple_in1k,224,71.398,28.602,89.864,10.136,5.29,0.875,bilinear
resnet14t.c3_in1k,176,71.318,28.682,89.68,10.32,10.08,0.875,bicubic
tinynet_c.in1k,184,71.224,28.776,89.746,10.254,2.46,0.875,bicubic
resnet18.gluon_in1k,224,70.844,29.156,89.75,10.25,11.69,0.875,bicubic
efficientvit_m2.r224_in1k,224,70.8,29.2,90.16,9.84,4.19,0.875,bicubic
pvt_v2_b0.in1k,224,70.656,29.344,90.212,9.788,3.67,0.9,bicubic
resnet18.a2_in1k,224,70.634,29.366,89.486,10.514,11.69,0.95,bicubic
resnet34.a3_in1k,160,70.572,29.428,89.522,10.478,21.8,0.95,bicubic
vgg11_bn.tv_in1k,224,70.384,29.616,89.808,10.192,132.87,0.875,bilinear
regnety_002.pycls_in1k,224,70.294,29.706,89.534,10.466,3.16,0.875,bicubic
xcit_nano_12_p16_224.fb_in1k,224,69.982,30.018,89.782,10.218,3.05,1.0,bicubic
vgg13.tv_in1k,224,69.94,30.06,89.256,10.744,133.05,0.875,bilinear
resnet18.tv_in1k,224,69.752,30.248,89.08,10.92,11.69,0.875,bilinear
vgg11.tv_in1k,224,69.048,30.952,88.632,11.368,132.86,0.875,bilinear
repghostnet_058.in1k,224,68.934,31.066,88.386,11.614,2.55,0.875,bicubic
lcnet_075.ra2_in1k,224,68.784,31.216,88.388,11.612,2.36,0.875,bicubic
regnetx_002.pycls_in1k,224,68.76,31.24,88.564,11.436,2.68,0.875,bicubic
efficientvit_m1.r224_in1k,224,68.352,31.648,88.684,11.316,2.98,0.875,bicubic
resnet10t.c3_in1k,224,68.346,31.654,88.022,11.978,5.44,0.95,bicubic
resnet18.a3_in1k,224,68.246,31.754,88.158,11.842,11.69,0.95,bicubic
tf_mobilenetv3_small_100.in1k,224,67.932,32.068,87.684,12.316,2.54,0.875,bilinear
dla60x_c.in1k,224,67.928,32.072,88.426,11.574,1.32,0.875,bilinear
mobilenetv3_small_100.lamb_in1k,224,67.638,32.362,87.65,12.35,2.54,0.875,bicubic
repghostnet_050.in1k,224,66.98,33.02,86.94,13.06,2.31,0.875,bicubic
tinynet_d.in1k,152,66.966,33.034,87.064,12.936,2.34,0.875,bicubic
resnet10t.c3_in1k,176,66.724,33.276,86.974,13.026,5.44,0.875,bicubic
mnasnet_small.lamb_in1k,224,66.196,33.804,86.472,13.528,2.03,0.875,bicubic
dla46x_c.in1k,224,66.008,33.992,86.946,13.054,1.07,0.875,bilinear
mobilenetv2_050.lamb_in1k,224,65.93,34.07,86.102,13.898,1.97,0.875,bicubic
tf_mobilenetv3_small_075.in1k,224,65.732,34.268,86.142,13.858,2.04,0.875,bilinear
resnet18.a3_in1k,160,65.664,34.336,86.278,13.722,11.69,0.95,bicubic
mobilenetv3_small_075.lamb_in1k,224,65.266,34.734,85.466,14.534,2.04,0.875,bicubic
dla46_c.in1k,224,64.88,35.12,86.33,13.67,1.3,0.875,bilinear
efficientvit_m0.r224_in1k,224,63.294,36.706,85.15,14.85,2.35,0.875,bicubic
lcnet_050.ra2_in1k,224,63.13,36.87,84.4,15.6,1.88,0.875,bicubic
tf_mobilenetv3_small_minimal_100.in1k,224,62.894,37.106,84.284,15.716,2.04,0.875,bilinear
tinynet_e.in1k,106,59.874,40.126,81.77,18.23,2.04,0.875,bicubic
mobilenetv3_small_050.lamb_in1k,224,57.924,42.076,80.142,19.858,1.59,0.875,bicubic
test_efficientnet.r160_in1k,160,46.424,53.576,70.958,29.042,0.36,0.875,bicubic
test_byobnet.r160_in1k,160,45.4,54.6,70.61,29.39,0.46,0.875,bicubic
test_vit.r160_in1k,160,40.832,59.168,67.206,32.794,0.37,0.875,bicubic
